Suite/Test/Step Name,Browser,Description,Tag,Start time,End time,Duration,Status
Headers,Chrome 96.0.4664.110,,,2021-12-15 18:32:00,2021-12-15 18:32:10,"10,172s",FAILED
,,,,,,,
Test Cases/Acceuil_Page,Chrome 96.0.4664.110,,,2021-12-15 18:32:08,2021-12-15 18:32:10,"2,328s",FAILED
"openBrowser("""")",Chrome 96.0.4664.110,,,2021-12-15 18:32:08,2021-12-15 18:32:10,"1,862s",PASSED
"navigateToUrl(""https://www.expertunisie.com/"")",Chrome 96.0.4664.110,,,2021-12-15 18:32:10,2021-12-15 18:32:10,"0,456s",FAILED
