Suite/Test/Step Name,Browser,Description,Tag,Start time,End time,Duration,Status
Headers,Chrome 96.0.4664.110,,,2021-12-15 18:56:06,2021-12-15 18:56:27,"21,156s",PASSED
,,,,,,,
Test Cases/Acceuil_Page,Chrome 96.0.4664.110,,,2021-12-15 18:56:06,2021-12-15 18:56:27,"20,908s",PASSED
"openBrowser("""")",Chrome 96.0.4664.110,,,2021-12-15 18:56:06,2021-12-15 18:56:09,"2,225s",PASSED
"navigateToUrl(""https://www.expertunisie.com/"")",Chrome 96.0.4664.110,,,2021-12-15 18:56:09,2021-12-15 18:56:17,"8,318s",PASSED
maximizeWindow(),Chrome 96.0.4664.110,,,2021-12-15 18:56:17,2021-12-15 18:56:17,"0,179s",PASSED
"click(findTestObject(""Object Repository/Page_Centre Formation Leader en Test logici_08014c/span_Accueil""))",Chrome 96.0.4664.110,,,2021-12-15 18:56:17,2021-12-15 18:56:21,"4,013s",PASSED
"click(findTestObject(""Object Repository/Page_Centre Formation Leader en Test logici_08014c/a_Nos Formations""))",Chrome 96.0.4664.110,,,2021-12-15 18:56:21,2021-12-15 18:56:25,"3,689s",PASSED
"rightClick(findTestObject(""Object Repository/Page_Centre Formation Leader en Test logici_08014c/div_AccueilQui sommes-nous Nos domaines de _5fbe6b""))",Chrome 96.0.4664.110,,,2021-12-15 18:56:25,2021-12-15 18:56:26,"0,915s",PASSED
"verifyElementText(findTestObject(""Object Repository/Page_Centre Formation Leader en Test logici_08014c/img_commercialexpertunisie.com_logo-main sc_7ab6f8""), """")",Chrome 96.0.4664.110,,,2021-12-15 18:56:26,2021-12-15 18:56:26,"0,534s",PASSED
closeBrowser(),Chrome 96.0.4664.110,,,2021-12-15 18:56:26,2021-12-15 18:56:27,"0,735s",PASSED
