Suite/Test/Step Name,Browser,Description,Tag,Start time,End time,Duration,Status
Headers,Chrome 96.0.4664.110,,,2021-12-15 14:25:12,2021-12-15 14:25:43,"30,713s",FAILED
,,,,,,,
Test Cases/Acceuil_Page,Chrome 96.0.4664.110,,,2021-12-15 14:25:35,2021-12-15 14:25:43,"7,574s",FAILED
"openBrowser("""")",Chrome 96.0.4664.110,,,2021-12-15 14:25:35,2021-12-15 14:25:37,"1,732s",PASSED
"navigateToUrl(""https://www.expertunisie.com/"")",Chrome 96.0.4664.110,,,2021-12-15 14:25:37,2021-12-15 14:25:40,"2,900s",PASSED
"click(findTestObject(""Object Repository/Page_Centre Formation Leader en Test logici_08014c/span_Accueil""))",Chrome 96.0.4664.110,,,2021-12-15 14:25:40,2021-12-15 14:25:43,"2,933s",FAILED
